,no_change
56idjqvze7xzagim5obj8c,False
_5Zotj6WmaJ3lZa68ixBBA,False
3fwftex0kryqo31ip8ssz5,False
xcqd9hc1fykrnb0h4u9902,False
qX8l4FzxTgGdEPXL7pD6Nw,False
b9dgqtf7imobymnh531d5v,False
s2w8wyusoxkg7n97vk14c1,False
98oi6sk3k9do39hrsr9ve1,False
Q1lo6VqBSqmZi_tX5b2PvQ,False
nWZQyUuGTiGMLk9STddyzg,False
0HW5fZU9R0iCwlrNeVO6Bg,False
h2wXxCuqT_CVAsbPbVL2YA,False
4fMLXLiGTOe8PiFJQrXDGQ,False
vq8rVXCZR5mVrAo-PWBejQ,False
LslFAsDx7TuyjG9bY7UJGA,False
tWEX8foWvbKSSq3WN8sPNQ,False
BPiL6hso9P-tutWMTRzNcA,False
fSWr0WR7kOZwCvz2aeWAQA,False
ra5yy5lbhubtq6u2fhxttp,False
604lkncrhba55hf7yv5jv2,False
6k5yoj7byj0pyid83hzx16,False
c559f2isccqc9a01asdyog,False
g0c80743tv8kl3pm3awx8g,False
Bx4kWRvyQiItb3j_zklebQ,False
26q4l7mmfz20gitl2efh9b,False
03o20nt8hkk4ukmsozn2ux,False
1ir7ipw8c8wo5ego7c4qjz,False
7q4t6gjgldm1h766ijc81j,False
b6b65jrqpgwf4reksvy5jo,False
3vh6l36o33qnmy4kbv6eyd,False
6jmbm8f43dpj9gtubd9eg5,False
0a9a4a8abqavf4496t2ajw,False
grg7nf192rk2os2tdls7q1,False
tmi20owuwqt64vj66re92f,False
1ujn22e5mt6eeftd1stp1p,False
5i1x14l8ra066kygifei6q,False
4azv569qoeze0adc29oh2d,False
x8tbosm6n9ss7yeexhi4l2,False
s4tt24qr16zviio8pb7bc0,False
k7vipy19mi6dtx11e6yo77,False
yhxm67m5gjacjrx40n60hf,False
i63oyx7evr6rpfuphn67qp,False
m0dy79a13e7o2a87m6gej5,False
r4df8dawfx9j19sm9j3cf4,False
p1skx1t72chpu1zoi1q4kv,False
wbp5jix5cuxkquespzfkju,False
rzvd2dac11bkfc68hwakv6,False
x8z7uf2g0fuhp9ki796kki,False
4hniay6s1tqqd8v6vep3md,False
wf4bokzumv37mhu44h1aqs,False
87j69vifa2llj6po7czxnr,False
w6gdl7c5wyg8fqj4kuoiat,False
u2kicqvbqo1on4pnrs9w60,False
muhe99364wffzfftf4ap9x,False
emx6yj8co33q5195tre2l8,False
HIPCtP8uA4kVBYc14wbOng,False
uoczfat19ebxch5s68e6rs,False
vwvpvolk5mjrmd0egnviwg,False
sgztl3ndd5wdt2tsqn0o9f,False
n7mmf7npxwnx7jni8uimpa,False
8psu5dzit0sf6q6wyau8bj,False
yutyf7jvvqhl7t7zb9hf92,False
q9roampvlypr6nitrec8vq,False
ddxtcj11lccdu3yllruk2f,False
fw0ppzcfa89ryhfsg8wncz,False
hn3z18ehus1kvrsuzw3box,False
x6dckt8vmwpsotyehueiyr,False
e9xqhcwgkqarbldz66jjs6,False
yb2u4qcl0o64een4f1fkbo,False
r6zkumenigi5540s6u25yg,False
rsg2nhksxzjdzes104y4u7,False
wlamjralb2lr0ndd24u0b4,False
a8doeyxh23gq7g8o20o2ud,False
6yuol3voq1c451y6l0k1yu,False
WTqDN_kWyHa54H3W9tImjQ,False
gowu7p1cbxrg35rtp5h0jr,False
Z9rSpegVwat4jmCCUzWo5Q,False
e8RwXFrntR5f1S3DtdtdYw,False
po3ijka2ty6dmzmra196o5,False
n0sr2pwu1hc5no7m65dty4,False
ma1k9hdguzyiqwqy0ckwe8,False
uyhsehxc4x1ynorhvw9dnc,False
p4rqj2ke89tkij4zx2fzu4,False
HuKabU5gRTas2MWjuFcISQ,False
XNAvTNGCT6OsIAoOV0GETg,False
